,0
0,O=C(Nc1csc(-c2nncn2C2CC2)n1)c1cc(-n2cnc(C3CC3)c2)c(N2C=C(O)C2)cn1
1,O=C(Nc1csc(-c2nncn2C2CC2Cl)n1)c1cc(-n2cnc(C3CC3)c2)c(N2C=C(O)C2)cn1
2,O=C(Nc1csc(-c2nncn2C2CC2)n1)c1cc(-n2cnc(C3CC3)n2)c(N2C=C(O)C2)cn1
3,C=C(Nc1cccc(-c2cncn2C2CC2)c1)c1cc(-c2cccccncnc2)ccn1
4,C=C(Nc1csc(-c2nncn2C2CC2)n1)c1cc(-c2cccnc2)cnn1
5,CC(=O)Nc1cccc(Nc2ncc3ccccc3n2)c1
6,CC(=O)NC1=Cn2c(nc3ccc(-c4cn[nH]c4)cc32)NSC=CC=C1
7,Cn1c(NC(=O)c2ccc(C(C)(C)C)cc2)cc2c3ccccc3ccc21
8,CC(C)(C)c1ccc(C(=O)NC2=CC3=CC=CC=C4C=CC=CC43C=N2)cc1
9,CC(C)(C)c1ccc(C(=O)Nc2cn3c(ccc4cccc3n4)n2)cc1
10,CC(C)(C)c1ccc(C(=O)Nc2cn3c(ccc4ccccc43)n2)cc1
11,CC(C)(O)c1ccc(-c2ccnc(C(=O)Nc3cccc(-c4nncn4C4CC4)c3)c2)cc1
12,CC(C)(O)c1ccc(C(=O)NC2=CC=CC=CC3CC3=CN=CN3C=C3C2)cc1
13,CC(C)(O)c1ccc(C(=O)NC2=NC3=CC=NC=NC=C3N=CCC=CC=CC=C2)cc1
14,CC(C)(O)c1ccc(C(=O)Nc2cn3c(ccc4ncncc43)n2)cc1
15,CC(C)(O)c1ccc(C(=O)Nc2cn3c(ccc4ccccc43)n2)cc1
16,CC(C)(O)c1ccc(C(=O)Nc2cn3c(ccc4cccnc43)n2)cc1
17,CC(C)(O)c1ccc(-c2ccnc(C(=O)Nc3cccc(-c4nccn4C4CC4)c3)c2)cn1
18,Cn1cnnc1-c1cccc(NC(=O)c2cc(-c3ccc(C(C)(C)O)nc3)ccn2)c1
19,CC(C)(O)c1ccc(-c2ccnc(C(=O)Nc3cccc(-c4nncn4C4CC4)c3)c2)cn1
20,CC(C)(O)c1ccc(-c2ccnc(C(=O)Nc3cccc(-c4nncn4C4CC4F)c3)c2)cn1
21,CCn1cnnc1-c1cccc(NC(=O)c2cc(-c3ccc(C(C)(C)O)nc3)ccn2)c1
22,CC(C)(O)c1ccc(-c2ccnc(C(=O)Nc3cccc(-c4nncn4C4CC4)n3)c2)cn1
23,CC(C)[C@H](C)n1cnnc1C1=NC(NC(=O)c2cc(-n3cnc(C4CC4)c3)ccn2)=C1
24,CC(C)[C@H](C)n1cnnc1-c1nc(NC(=O)c2cc(-n3cnc(C4CC4)c3)ccn2)cs1
25,CC(C)c1cn(-c2cccc(C(=O)Nc3cccc(-c4nncn4C)c3)c2)cn1
26,CC(C)c1cn(-c2cccc(C(=O)Nc3cccc(-c4nncn4C4CC4)c3)c2)cn1
27,CC(C)c1cn(-c2cccc(C(=O)Nc3cccc(-c4nncn4C4CC4)n3)c2)cn1
28,CC(C)c1cn(-c2cccc(C(=O)Nc3cccc(-c4nncn4C4CC4C)n3)c2)cn1
29,CC(C)c1cn(-c2ccnc(C(=O)Nc3cccc(-c4nncn4C4CC4)c3)c2)cn1
30,CC(C)c1cn(-c2ccnc(C(=O)Nc3cccc(-c4nncn4C4CC4)n3)c2)cn1
31,CC(C)n1cnnc1-c1cccc(NC(=O)c2cccc(-n3cnc(C4CC4)c3)c2)n1
32,CC1(N)CN(c2cnc(C(=O)Nc3csc(-c4nncn4C4CC4)n3)cc2-n2cnc(C3CC3)c2)C1
33,CC1(O)CN(c2ccc(C(=O)Nc3csc(-c4nncn4C4CC4)n3)cc2-n2cnc(C3CC3)c2)C1
34,CC1CC1n1cnnc1-c1nc(NC(=O)c2cc(-n3cnc(C4CC4)c3)c(N3CC(C)(O)C3)cn2)cs1
35,CC1(O)CN(c2cnc(C(=O)Nc3csc(-c4nncn4C4CC4Cl)n3)cc2-n2cnc(C3CC3)c2)C1
36,CC1(O)CN(c2cnc(C(=O)Nc3csc(-c4nncn4C4CC4O)n3)cc2-n2cnc(C3CC3)c2)C1
37,CCCn1cnnc1-c1nc(NC(=O)c2cc(-n3cnc(C4CC4)c3)c(N3CC(C)(O)C3)cn2)cs1
38,CC1C=CN(C(=O)C2=C(O)C(=O)N(c3nc4ccc(F)cc4s3)C2c2ccc(C(C)(C)C)cc2)O1
39,CCn1cc(Br)c2cnc(NC(=O)c3ccc([C@@](C)(O)CO)cc3)cc21
40,CNc1c2c3c(cccc3n(C)c1=O)C(=O)c1ccccc1-2
41,COCCCn1cc(NC(=O)c2csc(-c3nncn3C(C)C)n2)cn1
42,COCCNc1cccc(NC(=O)c2csc(-c3nncn3C(C)C)n2)c1
43,COCCNc1ccnc(NC(=O)c2csc(-c3nncn3C(C)C)n2)c1
44,COc1cc(C(C)C)c(SC)cc1C(=O)Nc1cccc(-c2nncn2C(C)C)n1
45,COc1cc(C(C)C)c(S(C)(=O)=O)cc1C(=O)Nc1cccc(-c2nncn2C(C)C)n1
46,COc1cc(C(C)C)c([SH](C)(=O)O)cc1C(=O)Nc1cccc(-c2nncn2C(C)C)n1
47,COc1ccc2c(Oc3ccc(NC(=O)c4cn(C(C)C)c5ccccc5c4=O)cc3)ccnc2c1
48,COc1cc2nccc(Oc3ccc(NC(=O)c4cn(C(C)C)c5ccccc5c4=O)cc3)c2cc1C
49,COc1cc2nccc(Oc3ccc(NC(=O)c4cn(C(C)C)c5ccccc5c4=O)cc3)c2cc1O
50,COc1cc2nccc(Oc3ccc(NC(=O)c4cn(C(C)C)c5ccccc5c4=O)cc3)c2cc1OC
51,COC1=CC2=NN=CC2(Oc2ccc(NC(=O)c3cn(C(C)C)c4ccccc4c3=O)cc2)C=C1C
52,COc1cc2nncc(Oc3ccc(NC(=O)c4cn(C(C)C)c5ccccc5c4=O)cc3)c2cc1C
53,COc1cc2nncc(Oc3ccc(NC(=O)c4cn(C(C)C)c5ccccc5c4=O)cc3)c2cc1OC
54,COc1ccc(CN)cc1C(=O)Nc1cccc(-c2nncn2C(C)C)n1
55,COc1ccc(SC)cc1C(=O)Nc1cccc(-c2nncn2C(C)C)n1
56,COc1ccc(SN)cc1C(=O)Nc1cccc(-c2nncn2C(C)C)n1
57,COc1ccc(S(N)=O)cc1C(=O)Nc1cccc(-c2nncn2C(C)C)n1
58,COc1ccc(S(N)(=O)=O)cc1C(=O)Nc1cccc(-c2nncn2C(C)C)n1
59,COc1ccc([SH](N)(=O)O)cc1C(=O)Nc1cccc(-c2nncn2C(C)C)n1
60,COc1ccc([SH](N)(=O)OO)cc1C(=O)Nc1cccc(-c2nncn2C(C)C)n1
61,COc1ccc([SH](N)C=O)cc1C(=O)Nc1cccc(-c2nncn2C(C)C)n1
62,COc1cn(-c2ccnc(C(=O)Nc3cccc(-c4nncn4C4CC4)c3)c2)cn1
63,CC[C@H](C)n1cnnc1C1=Cc2cc3ncc2-n2cnc(c2)C=NCCC(=N1)NC3=O
64,C[C@](O)(CO)c1ccc(C(=O)Nc2cc3c(cn2)c(Br)cn3C2CC2)cc1
65,CC1CC1n1cc(Br)c2cnc(NC(=O)c3ccc([C@@](C)(O)CO)cc3)cc21
66,Cc1cn(C2CC2)c2cc(NC(=O)c3ccc([C@@](C)(O)CO)cc3)ncc12
67,C[C@](O)(CO)c1ccc(C(=O)Nc2cc3c(cn2)c(Cl)cn3C2CC2)cc1
68,CC1CC1n1cc(Cl)c2cnc(NC(=O)c3ccc([C@@](C)(O)CO)cc3)cc21
69,Cc1c[nH]c2ncnc(N3CCC(NC(=O)c4ccccc4)CC3)c12
70,Cc1ccc(C(=O)C2=C(O)C(=O)N(c3nc4ccc(F)cc4s3)C2c2ccc(C(C)(C)C)cc2)o1
71,Cc1ccc(C(=O)C2CC(O)C(=O)N(C3=Nc4ccc(F)cc43)C2c2ccc(C(C)(C)C)cc2)o1
72,Cc1ccc(C(=O)C2CC(O)C(=O)N(c3nc4ccc(F)cc4s3)C2c2ccc(C(C)(C)C)cc2)o1
73,Cc1ncn(-c2ccnc(C(=O)Nc3cccc(-c4nncn4C4CC4)n3)c2)c1C
74,Nc1c[nH]c2ncnc(N3CCC(NC(=O)c4ccccc4)CC3)c12
75,O=C(Nc1cccc(-c2cncn2C2CC2)c1)c1cc(-c2cccnc2)ccn1
76,O=C(Nc1cccc(-c2cncn2C2CC2)c1)c1cc(-c2cccccnccc2)ccn1
77,O=C(Nc1cccc(-c2cncn2C2CC2)c1)c1cc(C2=CC=CN=CC=CC=CC2)ccn1
78,O=C(Nc1cccc(-c2cncn2C2CC2)c1)c1cc(-c2cnc3cc2-3)ccn1
79,CC1=CC=C2C(c3ccnc(C(=O)Nc4cccc(-c5cncn5C5CC5)c4)c3)=CN=C12
80,O=C(Nc1cccc(-c2cncn2C2CC2)c1)c1cc(C2=CN=C3C=CCC=C23)ccn1
81,O=C(Nc1cccc(-c2cncn2C2CC2)c1)c1cc(-c2cnc3ccccc3c2)ccn1
82,O=C(Nc1cccc(-c2cncn2C2CC2)c1)c1cc(C2=CN=CC=CC2)ccn1
83,CCn1cncc1-c1ccnc(C(=O)Nc2cccc(-c3cncn3C3CC3)c2)c1
84,O=C(Nc1cccc(-c2cncn2C2CC2)c1)c1cc(-c2cncnc2)ccn1
85,O=C(Nc1cccc(-c2cncn2C2CC2)c1)c1cc(-c2cncnc2CC2=CC2)ccn1
86,O=C(Nc1cccc(-c2cncn2C2CC2)c1)c1cc(C2=CCC=CN=CN=C2)ccn1
87,O=C(Nc1cccc(-c2cncn2C2CC2)c1)c1cc(C2=CN=CN=CC=C2)ccn1
88,O=C(Nc1cccc(-c2cncn2C2CC2)c1)c1cc(-c2cccccncnc2)ccn1
89,Cc1ccccncncc1-c1ccnc(C(=O)Nc2cccc(-c3cncn3C3CC3)c2)c1
90,O=C(Nc1cccc(-c2cncn2C2CC2)c1)c1cc(C2=CN=CN=CC=CC=CC2)ccn1
91,O=C(Nc1cccc(-c2cncn2C2CC2)c1)c1cc(C2=CN=CN=CC=CC=CCC2)ccn1
92,O=C(Nc1cccc(-c2cncn2C2CC2)c1)c1cc(C2=CN=CN=CC=CC=CC=C2)ccn1
93,CCc1ccccc1-c1ccnc(C(=O)Nc2cccc(-c3nccn3C3CC3)c2)c1
94,O=C(Nc1cccc(-c2nncn2C2CC2)c1)c1cc(C2=CC=C3C=CCC=C32)ccn1
95,O=C(Nc1cccc(-c2nncn2C2CC2)c1)c1cc(C2=CN=C3C=CC=C23)ccn1
96,O=C(Nc1cccc(-c2nncn2C2CC2)c1)c1cc(-c2cccccncnc2)ccn1
97,CC1=CN=NC=CC12C=CC=NC(C(=O)Nc1csc(-c3nncn3C3CC3)n1)=C2
98,O=C(Nc1csc(-c2nncn2C2CC2)n1)c1cc(-c2cccnc2)ccn1
99,O=C(Nc1csc(-c2nncn2C2CC2)n1)c1cc(-c2cccnc2)cnn1
100,O=C(Nc1nc2cccc(C3=CC=CC3)n2n1)c1cccnc1
101,CC(C)(O)C12C=CC(=C1)C(=O)Nc1cccc3cnc4c2cnc4c3n1
102,O=C(NC1CCN(c2ncnc3[nH]cc(O)c23)CC1)c1ccccc1
103,CC(C)(C)c1ccc(C2C(C(=O)c3ccc(O)o3)=C(O)C(=O)N2c2nc3ccc(F)cc3s2)cc1
